name_p,Z,N,decay rate (1/s),name_d,Q_value
he6,2,4,0.009014798852564008,li6,3.5059999999994034
he7,2,5,2.270219069501116,li7,11.159999999999854
he8,2,6,3.7823550435253974,li8,10.66399999999976
li8,3,5,23.16691592214925,be8,16.003999999999905
li9,3,6,3.100954557186876,be9,13.606999999999971
li10,3,7,88.04715326685196,be10,20.445999999999913
li11,3,8,36.292936146089794,be11,20.550999999999476
be10,4,6,6.869707624687689e-08,b10,0.5560000000004948
be11,4,7,3.575306396757459,b11,11.509000000000015
be12,4,8,7.622867707888542,b12,11.70799999999872
be13,4,9,31.987748623079582,b13,16.64600000000064
be14,4,10,59.23714535373332,b14,16.289999999999054
b12,5,7,8.975028646000428,c12,13.369000000000597
b13,5,8,3.379484158124243,c13,13.436999999999898
b14,5,9,103.74994771015133,c14,20.644000000000233
b15,5,10,29.335760278042923,c15,19.09100000000035
b17,5,12,53.66018491584392,c17,22.739000000001397
b19,5,14,58.62684334979342,c19,26.950000000000728
c14,6,8,1.8819396615318896e-10,n14,0.1570000000010623
c15,6,9,1.7376807801955634,n15,9.771999999999025
c16,6,10,1.4752682797658776,n16,8.010000000000218
c17,6,11,9.218707512684736,n17,13.161999999998443
c18,6,12,9.465420582033348,n18,11.80699999999706
c19,6,13,38.799869815305364,n19,16.5570000000007
c20,6,14,60.514102842611486,n20,15.793000000001484
c22,6,16,1686.3361804898602,n22,21.24199999999837
n16,7,9,2.0155823796825247,o16,10.420999999998457
n17,7,10,0.12392398448669867,o17,8.679000000000087
n18,7,11,12.703952418635888,o18,13.89600000000064
n19,7,12,2.27958221185904,o19,12.523000000001048
n20,7,13,56.18515555761266,o20,17.96900000000096
n21,7,14,18.79356575247459,o21,17.188999999998487
n22,7,15,171.94457458126809,o22,22.757000000001426
n23,7,16,59.22582319034717,o23,23.775000000001455
o19,8,11,0.02872674767666451,f19,4.820999999999913
o20,8,12,0.03077288586818157,f20,3.812999999998283
o21,8,13,0.6992171492556453,f21,8.110000000000582
o22,8,14,0.6007704053017354,f22,6.488999999997759
o23,8,15,4.502404424621275,f23,11.310999999997875
o24,8,16,7.282250491524737,f24,10.93999999999869
o25,8,17,36.19309488450078,f25,15.984000000000378
o26,8,18,149.69056154024582,f26,17.047999999998865
o28,8,20,1576.1129641407313,f28,20.623999999999796
o30,8,22,24224.58701090678,f30,23.927000000003318
f20,9,11,0.16245966096359415,ne20,7.025000000001455
f21,9,12,0.004565895541031478,ne21,5.684000000001106
f22,9,13,2.810461640679055,ne22,10.81800000000294
f23,9,14,0.11264020951082417,ne23,8.463999999999942
f24,9,15,11.607198519315551,ne24,13.512000000002445
f25,9,16,4.187432909173434,ne25,13.424000000002707
f26,9,17,64.23708102324454,ne26,18.186000000001513
f27,9,18,22.861110911974087,ne27,17.59400000000096
f28,9,19,156.111211789442,ne28,21.933999999997468
f29,9,20,52.824188743447365,ne29,21.895999999997002
f30,9,21,282.8269235675681,ne30,25.862999999997555
f31,9,22,60.154493153116825,ne31,25.46900000000096
ne23,10,13,0.01732607812316028,na23,4.376000000000204
ne24,10,14,0.002067299479364123,na24,2.4660000000003492
ne25,10,15,0.42616244486906235,na25,7.297999999998865
ne26,10,16,1.2082041978071312,na26,7.3400000000001455
ne27,10,17,9.107502432679718,na27,12.554000000000087
ne28,10,18,15.035638533883425,na28,12.280000000002474
ne29,10,19,37.213899361552656,na29,15.730000000003201
ne30,10,20,48.30676143710377,na30,14.666000000001077
ne31,10,21,116.29040875165524,na31,18.279999999998836
ne32,10,22,453.6592999846933,na32,18.46799999999712
ne33,10,23,457.0147661910453,na33,21.108000000000175
ne34,10,24,1760.9592248334152,na34,20.360000000000582
ne35,10,25,496.0825029468087,na35,21.26800000000003
ne36,10,26,2531.18244105693,na36,20.826999999997497
ne37,10,27,2651.565753321548,na37,24.314999999995052
ne38,10,28,23302.07258271129,na38,23.409999999996217
ne39,10,29,126498.60661756521,na39,30.080000000001746
ne40,10,30,2108571.424169024,na40,27.68000000000029
na24,11,13,0.03632382004811011,mg24,5.515999999999622
na25,11,14,0.00026270305510027995,mg25,3.834999999999127
na26,11,15,1.1609257263280301,mg26,9.35399999999936
na27,11,16,0.21617640911962416,mg27,9.068999999999505
na28,11,17,15.638699108954151,mg28,14.03099999999904
na29,11,18,4.176277808966697,mg29,13.27299999999741
na30,11,19,51.681807617973305,mg30,17.26599999999962
na31,11,20,12.934775245209973,mg31,15.729999999999563
na32,11,21,101.74747712236288,mg32,19.72200000000157
na33,11,22,41.53885589291171,mg33,19.941999999999098
na34,11,23,236.96624324490963,mg34,24.200999999997293
na35,11,24,60.57368157179117,mg35,23.941999999999098
na36,11,25,344.1431314459918,mg36,27.573000000003958
na37,11,26,58.08762090489516,mg37,26.02599999999802
na38,11,27,310.4415572797985,mg38,26.444000000003143
na39,11,28,60.120716846061846,mg39,25.211999999999534
na40,11,29,399.88532772606726,mg40,29.904999999998836
na41,11,30,33.940591703417546,mg41,30.330000000001746
na42,11,31,435.0411574846984,mg42,33.63000000000466
na43,11,32,27.05476633532433,mg43,31.43000000000029
na44,11,33,330.98808021703366,mg44,40.70999999999913
mg27,12,15,0.0005645685380308427,al27,2.610000000000582
mg28,12,16,0.000301850937004605,al28,1.830999999998312
mg29,12,17,0.599989962316499,al29,7.6120000000009895
mg30,12,18,1.0287963706322958,al30,6.979999999999563
mg31,12,19,6.908894041468944,al31,11.765000000003056
mg32,12,20,6.025999916752104,al32,10.150000000001455
mg33,12,21,14.675835067631745,al33,13.384000000001834
mg34,12,22,12.03509569935247,al34,11.606999999999971
mg35,12,23,44.2935726902271,al35,15.860000000000582
mg36,12,24,48.48451091573931,al36,14.430000000000291
mg37,12,25,234.5177718514966,al37,19.439000000005763
mg38,12,26,700.9017175833828,al38,18.786000000000058
mg39,12,27,974.7490036257249,al39,22.17199999999866
mg40,12,28,3676.780131124498,al40,20.94000000000233
mg41,12,29,1154.4200747419484,al41,22.476000000002387
mg42,12,30,7936.846670984047,al42,21.841999999996915
mg43,12,31,35039.04200967658,al43,27.851999999998952
mg44,12,32,1353.2611469981966,al44,19.68000000000029
mg45,12,33,6028887.957366984,al45,34.150000000001455
mg46,12,34,146779.36005979753,al46,24.860000000000582
mg47,12,35,339307.1353694748,al47,30.830000000001746
al28,13,15,0.013017135450758444,si28,4.643000000000029
al29,13,16,0.00020977938931705293,si29,3.680000000000291
al30,13,17,0.68645505799911,si30,8.561000000001513
al31,13,18,0.08331008845874918,si31,7.993999999998778
al32,13,19,10.431708855588537,si32,13.015999999999622
al33,13,20,2.23401543867233,si33,12.076999999997497
al34,13,21,48.537448022981685,si34,16.909999999999854
al35,13,22,6.918995865838513,si35,14.139999999999418
al36,13,23,75.02390275795491,si36,18.367999999994936
al37,13,24,17.46239322827538,si37,16.403999999994994
al38,13,25,123.71252392175285,si38,20.37999999999738
al39,13,26,36.39283571043297,si39,19.07600000000093
al40,13,27,233.1478704977668,si40,23.864999999997963
al41,13,28,60.4107148294829,si41,23.583999999995285
al42,13,29,279.4525692733988,si42,25.243999999998778
al43,13,30,54.281973832818224,si43,21.730999999999767
al44,13,31,289.0666836059862,si44,25.536000000000058
al45,13,32,60.77693217686049,si45,24.006999999997788
al46,13,33,433.7941198465656,si46,33.95999999999913
al47,13,34,37.62478806062642,si47,29.489999999997963
al48,13,35,435.04174513190435,si48,33.20999999999913
al49,13,36,23.424603158014502,si49,31.75999999999476
al50,13,37,433.2430350703994,si50,34.099999999998545
al51,13,38,22.862749267400215,si51,31.860000000000582
si31,14,17,1.3146185518229091e-05,p31,1.4919999999983702
si32,14,18,1.2049229197563748e-09,p32,0.22699999999895226
si33,14,19,0.13209568315325265,p33,5.82300000000032
si34,14,20,0.12508554864349866,p34,4.592000000000553
si35,14,21,3.949694891927635,p35,10.497999999999593
si36,14,22,1.8993516494846818,p36,7.832999999998719
si37,14,23,10.161164781361887,p37,12.402000000001863
si38,14,24,7.561053590037781,p38,10.472999999998137
si39,14,25,35.020340543294125,p39,15.114999999997963
si40,14,26,33.23275256119018,p40,13.504000000000815
si41,14,27,86.78991665229613,p41,17.10000000000582
si42,14,28,327.38759501430064,p42,17.42399999999907
si43,14,29,1066.5959952945825,p43,22.016999999999825
si44,14,30,4005.143863451659,p44,20.743999999998778
si45,14,31,252.4689290856025,p45,19.310000000004948
si46,14,32,214.5427327230436,p46,16.77599999999802
si47,14,33,12354.849758393188,p47,25.970000000001164
si48,14,34,26032.247400096963,p48,22.810000000004948
si49,14,35,19871.667156837833,p49,26.660000000003492
si50,14,36,142629.26409099565,p50,24.479999999995925
si51,14,37,40643.68594093566,p51,27.660000000003492
si52,14,38,405419.96002727066,p52,25.43000000000029
si53,14,39,45041.74874639279,p53,27.80000000000291
si54,14,40,1768992.968340365,p54,26.69000000000233
p32,15,17,5.8890092319983086e-05,s32,1.7109999999993306
p33,15,18,2.5312352811333546e-09,s33,0.24899999999979627
p34,15,19,0.03470456438726159,s34,5.38300000000163
p35,15,20,0.0003926334822834099,s35,3.9880000000011933
p36,15,21,2.633563559609057,s36,10.413000000000466
p37,15,22,0.08075412470322278,s37,7.900000000001455
p38,15,23,7.374712681658892,s38,12.218000000000757
p39,15,24,0.7287185661061663,s39,10.36699999999837
p40,15,25,24.389175426220827,s40,14.855999999999767
p41,15,26,7.195526545649766,s41,14.10899999999674
p42,15,27,85.17036741035413,s42,18.68800000000192
p43,15,28,20.47246908316668,s43,16.75
p44,15,29,152.3165437912109,s44,21.19999999999709
p45,15,30,55.9114245246889,s45,21.89299999999639
p46,15,31,271.49317006846337,s46,24.80500000000029
p47,15,32,52.54627718845605,s47,21.237999999997555
p48,15,33,329.6740487046606,s48,26.610999999997148
p49,15,34,60.39998117934981,s49,24.59900000000198
p50,15,35,389.8066686901799,s50,28.900000000001455
p51,15,36,53.486522464758885,s51,26.669999999998254
p52,15,37,397.27748045555035,s52,29.25999999999476
p53,15,38,46.83673385135056,s53,27.839999999996508
p54,15,39,415.5613918860454,s54,30.31999999999971
p55,15,40,44.24163260159947,s55,28.25
p56,15,41,432.4655961133828,s56,32.0199999999968
p57,15,42,26.339545898131146,s57,31.010000000002037
s35,16,19,1.4958706323448142e-10,cl35,0.16799999999784632
s37,16,21,0.0460851843653257,cl37,4.866000000001804
s38,16,22,0.008804892300736573,cl38,2.937000000005355
s39,16,23,0.3149716781461843,cl39,6.638000000006286
s40,16,24,0.14026626052698216,cl40,4.627999999996973
s41,16,25,1.0824038581947395,cl41,8.218000000000757
s42,16,26,1.3872547247633482,cl42,7.235000000000582
s43,16,27,10.607102460731875,cl43,12.338000000003376
s44,16,28,13.297406740066647,cl44,11.505000000004657
s45,16,29,27.15917614727222,cl45,14.37000000000262
s46,16,30,62.46332018847529,cl46,14.508999999998196
s47,16,31,191.3282592262985,cl47,18.519000000000233
s48,16,32,530.526480028973,cl48,17.90299999999843
s49,16,33,1042.4096135355114,cl49,21.702999999994063
s50,16,34,3557.8469023659113,cl50,20.34700000000157
s51,16,35,4646.259869252823,cl51,24.172999999995227
s52,16,36,5840.082738937775,cl52,20.92000000000553
s53,16,37,3295.2315994417622,cl53,23.630000000004657
s54,16,38,15827.968508465283,cl54,22.00999999999476
s55,16,39,6583.626305047446,cl55,24.709999999999127
s56,16,40,40048.47513327789,cl56,22.959999999999127
s57,16,41,14310.868213427257,cl57,25.860000000000582
s58,16,42,1340320.5487314786,cl58,26.130000000004657
s59,16,43,1722750.7986434556,cl59,31.889999999999418
s60,16,44,2122397366.1587353,cl60,31.44999999999709
cl36,17,19,1.8581522589619125e-06,ar36,0.7100000000064028
cl38,17,21,0.020455562880557887,ar38,4.916999999994005
cl39,17,22,0.00014650223379776458,ar39,3.44199999999546
cl40,17,23,0.31068803240694953,ar40,7.482000000003609
cl41,17,24,0.006696837651535322,ar41,5.760999999998603
cl42,17,25,1.5205704232399548,ar42,9.510000000002037
cl43,17,26,0.06250606071144939,ar43,7.601999999998952
cl44,17,27,7.131987025496647,ar44,12.067999999999302
cl45,17,28,1.6284119498841059,ar45,11.411000000000058
cl46,17,29,37.77969172219806,ar46,15.919000000001688
cl47,17,30,9.8364299710406,ar47,14.692999999999302
cl48,17,31,95.90153846415329,ar48,19.012000000002445
cl49,17,32,33.71001856989624,ar49,18.444000000003143
cl50,17,33,176.12161969738654,ar50,21.805999999996857
cl51,17,34,53.69012415970143,ar51,21.294000000001688
cl52,17,35,333.77137948914515,ar52,26.559000000001106
cl53,17,36,57.24335561739512,ar53,25.63799999999901
cl54,17,37,312.4078468691414,ar54,25.87000000000262
cl55,17,38,57.08360098389001,ar55,25.68000000000029
cl56,17,39,408.8414206321807,ar56,29.68000000000029
cl57,17,40,47.23492888750867,ar57,27.580000000001746
cl58,17,41,394.7565508255613,ar58,28.93000000000029
cl59,17,42,50.579280290914845,ar59,27.020000000004075
cl60,17,43,416.7643402813671,ar60,30.19000000000233
cl61,17,44,44.3781037824639,ar61,28.030000000006112
cl62,17,45,434.40573550003415,ar62,32.279999999998836
cl63,17,46,24.496951094372047,ar63,31.099999999998545
ar39,18,21,3.793644790092367e-08,k39,0.5650000000023283
ar41,18,23,0.0005327851079453702,k41,2.49199999999837
ar42,18,24,2.3530854770414646e-07,k42,0.5989999999947031
ar43,18,25,0.03276280777463292,k43,4.564999999995052
ar44,18,26,0.013624255829085816,k44,3.1080000000001746
ar45,18,27,0.4032352776189364,k45,6.845000000001164
ar46,18,28,0.4489080529965656,k46,5.684999999997672
ar47,18,29,4.508080195122871,k47,10.499000000003434
ar48,18,30,3.222812097885127,k48,8.569000000003143
ar49,18,31,7.406076721208664,k49,11.46600000000035
ar50,18,32,12.38410206386074,k50,11.233000000000175
ar51,18,33,27.083406097078946,k51,14.205000000001746
ar52,18,34,33.433946800935324,k52,13.19999999999709
ar53,18,35,82.72653991684348,k53,16.599999999998545
ar54,18,36,799.4702294953966,k54,18.26299999999901
ar55,18,37,601.9343267992635,k55,20.489999999997963
ar56,18,38,194.51822362731343,k56,16.233000000000175
ar57,18,39,465.6564379310235,k57,20.0199999999968
ar58,18,40,1001.443613649289,k58,18.55999999999767
ar59,18,41,1706.2676046548431,k59,22.299999999995634
ar60,18,42,5592.761606069966,k60,20.639999999999418
ar61,18,43,3816.899917338927,k61,23.599999999998545
ar62,18,44,10775.669440977661,k62,21.360000000000582
ar63,18,45,9490.910027813678,k63,24.9800000000032
ar64,18,46,23651.431776647463,k64,22.18000000000029
ar65,18,47,26981.515217580312,k65,26.459999999999127
ar66,18,48,3044843.168299491,k66,26.5
ar67,18,49,344505.87942112767,k67,29.69999999999709
k40,19,21,1.915051185410193e-05,ca40,1.3109999999942374
k42,19,23,0.0028165835385951235,ca42,3.525000000001455
k43,19,24,3.1865130038618477e-06,ca43,1.8340000000025611
k44,19,25,0.053845010986468204,ca44,5.687999999994645
k45,19,26,0.0006258700533794273,ca45,4.195999999996275
k46,19,27,0.40065545137564884,ca46,7.7260000000023865
k47,19,28,0.021813250101443155,ca47,6.635999999998603
k48,19,29,6.930998407476686,ca48,11.937999999994645
k49,19,30,2.049622889473105,ca49,11.68699999999808
k50,19,31,17.41788619130172,ca50,13.852000000006228
k51,19,32,7.022154260897964,ca51,13.870999999999185
k52,19,33,44.78036731989602,ca52,16.30999999999767
k53,19,34,16.515841776876837,ca53,15.900000000001455
k54,19,35,86.33155777017845,ca54,18.489999999997963
k55,19,36,30.003013422884685,ca55,17.848000000005413
k56,19,37,193.2557679254837,ca56,22.18800000000192
k57,19,38,54.06665373329668,ca57,21.2300000000032
k58,19,39,193.957713777622,ca58,22.20900000000256
k59,19,40,55.04154708766526,ca59,21.42000000000553
k60,19,41,270.63720617032845,ca60,24.44999999999709
k61,19,42,60.28667232476164,ca61,23.0
k62,19,43,317.28803428487277,ca62,25.860000000000582
k63,19,44,60.81115176842067,ca63,23.64999999999418
k64,19,45,393.3394287965429,ca64,28.68000000000029
k65,19,46,51.98033308573275,ca65,26.60000000000582
k66,19,47,416.91029437326955,ca66,30.010000000002037
k67,19,48,40.82539427369643,ca67,28.389999999999418
k68,19,49,431.8751967980649,ca68,31.489999999997963
k69,19,50,31.853860886666556,ca69,29.7300000000032
k70,19,51,431.0657098693034,ca70,33.779999999998836
ca45,20,25,8.736938221690372e-10,sc45,0.2580000000016298
ca47,20,27,0.00012012290464273965,sc47,1.9919999999983702
ca48,20,28,3.794213245057934e-09,sc48,0.27999999999883585
ca49,20,29,0.08657883212108587,sc49,5.260999999998603
ca50,20,30,0.23030558572145088,sc50,4.957999999998719
ca51,20,31,0.648948504302596,sc51,7.355000000003201
ca52,20,32,2.241915322025734,sc52,7.848000000005413
ca53,20,33,3.1134907510330074,sc53,9.724999999998545
ca54,20,34,8.350675265430697,sc54,10.326000000000931
ca55,20,35,7.830326528777795,sc55,11.4629999999961
ca56,20,36,17.64278252416744,sc56,11.830000000001746
ca57,20,37,21.49166817540327,sc57,13.567999999999302
ca58,20,38,93.38189335018095,sc58,14.894999999996799
ca59,20,39,56.429108290470076,sc59,15.631999999997788
ca60,20,40,72.5453984520092,sc60,14.46600000000035
ca61,20,41,74.77119890136447,sc61,16.22400000000198
ca62,20,42,246.49058933806367,sc62,16.43000000000029
ca63,20,43,593.2932910427253,sc63,20.260000000002037
ca64,20,44,1156.6872441453756,sc64,18.55999999999767
ca65,20,45,1637.5178249187036,sc65,22.00999999999476
ca66,20,46,4829.161273076817,sc66,20.2699999999968
ca67,20,47,4192.589924410597,sc67,23.510000000002037
ca68,20,48,20406.535070732763,sc68,21.810000000004948
ca69,20,49,10890.263711409314,sc69,24.93000000000029
ca70,20,50,61388.610696867014,sc70,22.889999999999418
ca71,20,51,47869.64753770353,sc71,26.960000000006403
ca72,20,52,1529112.1734212,sc72,25.69000000000233
ca73,20,53,194034.67836703517,sc73,28.720000000001164
sc46,21,25,0.0003207638150623398,ti46,2.36699999999837
sc47,21,26,2.7345260890282616e-08,ti47,0.5990000000019791
sc48,21,27,0.006072213473749662,ti48,3.989000000001397
sc49,21,28,5.351184958849607e-06,ti49,2.003000000004249
sc50,21,29,0.19427193096070236,ti50,6.884999999994761
sc51,21,30,0.019424258905096168,ti51,6.504000000000815
sc52,21,31,1.2415396506865126,ti52,9.111999999993714
sc53,21,32,0.3281465194880337,ti53,9.207000000002154
sc54,21,33,5.282467017070035,ti54,11.375
sc55,21,34,2.7556775610201374,ti55,12.088999999999942
sc56,21,35,16.61669421882994,ti56,13.665999999997439
sc57,21,36,4.311047167273943,ti57,12.855999999999767
sc58,21,37,35.98363018201642,ti58,15.593000000000757
sc59,21,38,12.964804033266601,ti59,15.173999999999069
sc60,21,39,70.3319813121501,ti60,17.652000000001863
sc61,21,40,25.917905835283154,ti61,17.20499999999447
sc62,21,41,84.91020948173126,ti62,18.322999999996682
sc63,21,42,23.54682817270954,ti63,16.877999999996973
sc64,21,43,226.69239114624438,ti64,23.040000000000873
sc65,21,44,52.218435287335275,ti65,20.780000000006112
sc66,21,45,274.0423049224079,ti66,24.410000000003492
sc67,21,46,59.619746268327106,ti67,22.529999999998836
sc68,21,47,316.2490859845646,ti68,25.679999999993015
sc69,21,48,60.61341034846434,ti69,23.94999999999709
sc70,21,49,358.9567701677401,ti70,27.110000000000582
sc71,21,50,55.26678692569524,ti71,25.79999999998836
sc72,21,51,412.8686605661221,ti72,29.569999999992433
sc73,21,52,43.81631374307351,ti73,27.779999999998836
sc74,21,53,424.8257823686572,ti74,30.470000000001164
sc75,21,54,34.926509692737305,ti75,29.10000000000582
sc76,21,55,434.90980046525294,ti76,32.15000000000873
ti51,22,29,0.0005754172221328208,v51,2.4719999999942956
ti52,22,30,0.0007529647916495618,v52,1.9750000000058208
ti53,22,31,0.06820705128420962,v53,5.019999999996799
ti54,22,32,0.10949092010221351,v54,4.298000000002503
ti55,22,33,0.7548279181185502,v55,7.483000000000175
ti56,22,34,1.5061763403114417,v56,7.143000000003667
ti57,22,35,5.4200237932880695,v57,10.644999999996799
ti58,22,36,5.593876819103064,v58,9.442000000002736
ti59,22,37,10.002272238001774,v59,11.851000000002387
ti60,22,38,11.830314998801102,v60,10.92899999999645
ti61,22,39,24.371989796779964,v61,13.711999999999534
ti62,22,40,30.384556721303113,v62,12.77100000000064
ti63,22,41,62.79158215400069,v63,15.713999999999942
ti64,22,42,14.450575909164586,v64,11.328000000001339
ti65,22,43,41.48809788498373,v65,14.841999999996915
ti66,22,44,36.18396920974668,v66,13.097000000001572
ti67,22,45,253.53099270055475,v67,18.510000000002037
ti68,22,46,408.86704387419206,v68,17.010000000002037
ti69,22,47,676.9468450073983,v69,20.30999999999767
ti70,22,48,1260.5248844880543,v70,18.5
ti71,22,49,1247.6102512664775,v71,21.360000000000582
ti72,22,50,3880.0862433453635,v72,19.839999999996508
ti73,22,51,6013.134416755139,v73,23.839999999996508
ti74,22,52,43236.766591137355,v74,22.34999999999127
ti75,22,53,15596.058386384288,v75,25.20999999999185
ti76,22,54,246923.9812958944,v76,23.939999999987776
ti77,22,55,60150.335274588055,v77,27.010000000009313
ti78,22,56,3254520.5244172574,v78,26.05000000000291
ti79,22,57,74379.87761385826,v79,27.279999999998836
ti80,22,58,5280494.488030267,v80,26.419999999998254
v50,23,27,7.752847658369196e-06,cr50,1.0380000000004657
v52,23,29,0.006125671493488267,cr52,3.973999999994703
v53,23,30,0.0001630367559821857,cr53,3.4360000000015134
v54,23,31,0.23330558737540164,cr54,7.042000000001281
v55,23,32,0.010000900885071377,cr55,5.955999999998312
v56,23,33,1.370306030356972,cr56,9.201000000000931
v57,23,34,0.15254904698278124,cr57,8.334999999999127
v58,23,35,6.278980287645234,cr58,11.625999999996566
v59,23,36,1.2377424787842601,cr59,10.824000000000524
v60,23,37,19.21361753553976,cr60,13.927000000003318
v61,23,38,4.385917057762423,cr61,12.819999999999709
v62,23,39,42.65521926863891,cr62,15.991000000001804
v63,23,40,10.612410592037671,cr63,14.615000000005239
v64,23,41,74.3938303686191,cr64,17.754000000000815
v65,23,42,21.81403720315726,cr65,16.544000000001688
v66,23,43,115.82661290947375,cr66,19.449000000000524
v67,23,44,18.00640632150379,cr67,15.968999999997322
v68,23,45,86.0325325673528,cr68,18.27599999999802
v69,23,46,41.84717152323064,cr69,19.169999999998254
v70,23,47,212.4949172623104,cr70,22.510000000002037
v71,23,48,52.907256340832234,cr71,20.79000000000815
v72,23,49,246.89612921797126,cr72,23.5
v73,23,50,58.73369367466268,cr73,22.09000000001106
v74,23,51,332.40718378368126,cr74,26.05999999999767
v75,23,52,58.978021163279884,cr75,24.680000000007567
v76,23,53,376.5395890453672,cr76,27.639999999999418
v77,23,54,52.36752291559883,cr77,26.239999999990687
v78,23,55,406.5268390128106,cr78,29.04000000000815
v79,23,56,44.050295396042685,cr79,27.59999999999127
v80,23,57,409.148021973112,cr80,29.19000000000233
v81,23,58,40.69751608199165,cr81,28.10000000000582
v82,23,59,427.80497724831747,cr82,30.60999999998603
v83,23,60,28.827160230782273,cr83,29.869999999995343
cr55,24,31,0.0008736365487964372,mn55,2.603000000002794
cr56,24,32,0.0002123811510129591,mn56,1.6299999999973807
cr57,24,33,0.06680150868151451,mn57,4.961999999999534
cr58,24,34,0.07505999617753793,mn58,3.993000000002212
cr59,24,35,0.887051423074399,mn59,7.633999999998196
cr60,24,36,0.9737619765264621,mn60,6.463999999999942
cr61,24,37,3.1208868055895307,mn61,9.561000000001513
cr62,24,38,2.3154582581678977,mn62,7.765999999995984
cr63,24,39,8.217192033312656,mn63,11.360000000000582
cr64,24,40,7.133638627297267,mn64,9.836999999999534
cr65,24,41,19.891244291542645,mn65,13.17099999999482
cr66,24,42,20.89675294183653,mn66,11.953999999997905
cr67,24,43,34.88300862429997,mn67,14.35399999999936
cr68,24,44,54.4395184933153,mn68,13.721000000005006
cr69,24,45,32.5633595735601,mn69,14.209000000002561
cr70,24,46,19.679787415351786,mn70,11.8379999999961
cr71,24,47,133.22790409923343,mn71,17.110000000000582
cr72,24,48,176.95295919654407,mn72,15.650000000008731
cr73,24,49,290.1557138930101,mn73,18.610000000000582
cr74,24,50,552.320881908013,mn74,17.279999999998836
cr75,24,51,1380.4052972195218,mn75,21.34999999999127
cr76,24,52,4454.715695601682,mn76,19.830000000001746
cr77,24,53,2740.2831738577815,mn77,22.44999999999709
cr78,24,54,11286.618891021622,mn78,20.829999999987194
cr79,24,55,5462.355256759883,mn79,23.5
cr80,24,56,95423.34201917169,mn80,22.89999999999418
cr81,24,57,20734.686406943074,mn81,25.389999999999418
cr82,24,58,168833.23165458636,mn82,23.410000000003492
cr83,24,59,20280.8101896796,mn83,25.360000000000582
cr84,24,60,500542.3000119548,mn84,24.339999999996508
cr85,24,61,77815.52303721561,mn85,27.110000000000582
cr86,24,62,3596302.495293166,mn86,25.910000000003492
mn54,25,29,1.880374063163678e-06,fe54,0.6970000000001164
mn56,25,31,0.004078041957873875,fe56,3.694999999999709
mn57,25,32,3.36092998876521e-05,fe57,2.694999999999709
mn58,25,33,0.118991962254027,fe58,6.326000000000931
mn59,25,34,0.0032547733182406915,fe59,5.138999999995576
mn60,25,35,0.8021571390662058,fe60,8.444999999999709
mn61,25,36,0.04686596428222317,fe61,7.177999999999884
mn62,25,37,3.7922554396873838,fe62,10.697000000000116
mn63,25,38,0.2353727691090163,fe63,8.748999999996158
mn64,25,39,7.833026107990871,fe64,11.980999999999767
mn65,25,40,0.8413522868172475,fe65,10.254000000000815
mn66,25,41,15.10041600573321,fe66,13.317999999999302
mn67,25,42,3.3469248689207935,fe67,12.289000000004307
mn68,25,43,25.411510050254364,fe68,14.530999999995402
mn69,25,44,5.275131837750216,fe69,13.097000000001572
mn70,25,45,55.470340449305795,fe70,16.702000000004773
mn71,25,46,6.700474816646897,fe71,13.559999999997672
mn72,25,47,56.84699434026429,fe72,16.778999999994994
mn73,25,48,28.387906280120404,fe73,17.360000000000582
mn74,25,49,144.83416071412842,fe74,20.35000000000582
mn75,25,50,41.014767097106116,fe75,18.970000000001164
mn76,25,51,245.9361451067501,fe76,23.360000000000582
mn77,25,52,58.65741153104084,fe77,21.960000000006403
mn78,25,53,289.2388310006869,fe78,24.610000000000582
mn79,25,54,60.810470860382324,fe79,23.270000000004075
mn80,25,55,324.75023412955716,fe80,25.69000000000233
mn81,25,56,60.34686265159098,fe81,23.929999999993015
mn82,25,57,368.1522162877974,fe82,27.180000000007567
mn83,25,58,53.817137296830865,fe83,25.839999999996508
mn84,25,59,379.3083520610118,fe84,27.619999999995343
mn85,25,60,52.55418059662287,fe85,26.080000000001746
mn86,25,61,409.8273352513525,fe86,29.089999999996508
mn87,25,62,42.15863990127622,fe87,27.75
mn88,25,63,424.31784059466327,fe88,30.119999999995343
mn89,25,64,35.879054306359635,fe89,28.669999999998254
fe59,26,33,2.709078039566021e-05,co59,1.5650000000023283
fe60,26,34,1.924960570986891e-09,co60,0.23700000000098953
fe61,26,35,0.016698186516540356,co61,3.978000000002794
fe62,26,36,0.004755540119254225,co62,2.5529999999998836
fe63,26,37,0.2773562953359756,co63,6.2039999999979045
fe64,26,38,0.2269885251945187,co64,4.822000000000116
fe65,26,39,1.1769991925866854,co65,7.963999999999942
fe66,26,40,0.9210021565994272,co66,6.341000000000349
fe67,26,41,3.3896121173874856,co67,9.62999999999738
fe68,26,42,4.2722056552314145,co68,8.78399999999965
fe69,26,43,9.728232174688712,co69,11.606999999996333
fe70,26,44,7.065910768874201,co70,9.742999999994936
fe71,26,45,18.0922121184717,co71,12.873000000006869
fe72,26,46,13.40715561615209,co72,11.001000000003842
fe73,26,47,13.67641394724213,co73,12.295999999987544
fe74,26,48,11.146689594464029,co74,10.638000000006286
fe75,26,49,29.735595836485317,co75,13.910000000003492
fe76,26,50,71.81718198929862,co76,14.09000000001106
fe77,26,51,296.9113433709882,co77,18.50999999999476
fe78,26,52,578.8327591668468,co78,17.210000000006403
fe79,26,53,594.2488921407946,co79,19.75999999999476
fe80,26,54,1744.1508515706544,co80,18.60000000000582
fe81,26,55,1489.1968898193752,co81,21.310000000012224
fe82,26,56,4304.537481929801,co82,19.639999999999418
fe83,26,57,3043.702398082731,co83,22.44000000000233
fe84,26,58,16886.05037630669,co84,21.080000000001746
fe85,26,59,4373.969217110864,co85,22.99000000000524
fe86,26,60,21933.50516903798,co86,21.339999999996508
fe87,26,61,9575.417383767892,co87,24.129999999990105
fe88,26,62,134382.46974302625,co88,23.029999999998836
fe89,26,63,21758.06600016159,co89,25.25999999999476
fe90,26,64,298222.784106621,co90,23.719999999986612
fe91,26,65,102392.85093519629,co91,27.239999999990687
fe92,26,66,492496.2007836331,co92,24.139999999999418
co58,27,31,3.24257126067302e-07,ni58,0.38100000000122236
co60,27,33,0.0008917203633463302,ni60,2.8220000000001164
co61,27,34,6.728176201082691e-07,ni61,1.3229999999966822
co62,27,35,0.039652742131686826,ni62,5.315000000002328
co63,27,36,0.00027682862452568,ni63,3.672000000005937
co64,27,37,0.31629972096934944,ni64,7.305999999996857
co65,27,38,0.010537764738586749,ni65,5.940000000002328
co66,27,39,1.9223780503015264,ni66,9.597000000001572
co67,27,40,0.17884453141608447,ni67,8.421000000002095
co68,27,41,6.394504225029593,ni68,11.552000000003318
co69,27,42,0.7011087103880084,ni69,9.976000000002387
co70,27,43,17.38577693338222,ni70,13.57100000000355
co71,27,44,2.1595859121992076,ni71,11.532999999995809
co72,27,45,30.461155186003385,ni72,14.9259999999922
co73,27,46,5.36926936279828,ni73,13.072000000000116
co74,27,47,46.97299276901996,ni74,16.12399999999616
co75,27,48,10.248776969094992,ni75,14.400999999998021
co76,27,49,38.294820628554675,ni76,15.539999999993597
co77,27,50,9.654429958501584,ni77,14.267000000007101
co78,27,51,106.81983805214519,ni78,18.937999999994645
co79,27,52,40.42471896118929,ni79,18.810000000012224
co80,27,53,204.42609206734392,ni80,22.069999999992433
co81,27,54,51.72568675996317,ni81,20.39999999999418
co82,27,55,254.50086167970537,ni82,23.5
co83,27,56,56.18944043510371,ni83,21.229999999995925
co84,27,57,281.67049351759727,ni84,24.279999999998836
co85,27,58,60.79993870543704,ni85,23.10000000000582
co86,27,59,298.0221143929196,ni86,24.75999999999476
co87,27,60,60.79993870543704,ni87,23.10000000000582
co88,27,61,331.16186478580545,ni88,25.779999999998836
co89,27,62,58.75138156014073,ni89,24.530000000013388
co90,27,63,367.6383371540154,ni90,27.04000000000815
co91,27,64,55.58669520532498,ni91,25.360000000000582
co92,27,65,404.0863373161565,ni92,28.639999999999418
co93,27,66,44.82033456537615,ni93,27.230000000010477
co94,27,67,409.8113556290038,ni94,28.95999999999185
co95,27,68,42.00172707314182,ni95,27.64999999999418
co96,27,69,427.06741611923076,ni96,30.25
ni63,28,35,1.0876187050043865e-11,cu63,0.0669999999954598
ni65,28,37,0.00024592011623116256,cu65,2.1379999999990105
ni66,28,38,2.6624217453956957e-09,cu66,0.25200000000040745
ni67,28,39,0.008582746654692724,cu67,3.5760000000009313
ni68,28,40,0.0013550172772328675,cu68,2.103000000002794
ni69,28,41,0.18449706535352892,cu69,5.756999999997788
ni70,28,42,0.05762956163204236,cu70,3.7620000000024447
ni71,28,43,0.7509761637302287,cu71,7.304999999993015
ni72,28,44,0.4959013764091405,cu72,5.5570000000006985
ni73,28,45,2.247918371088144,cu73,8.879000000000815
ni74,28,46,2.290781502646471,cu74,7.63399999999092
ni75,28,47,5.934218174177649,cu75,10.570000000006985
ni76,28,48,6.021485637192246,cu76,9.365999999994528
ni77,28,49,9.859898760880677,cu77,11.5509999999922
ni78,28,50,9.256614602665481,cu78,10.1990000000078
ni79,28,51,30.110699098384682,cu79,13.836999999999534
ni80,28,52,28.023694878883948,cu80,12.328999999997905
ni81,28,53,83.02758760089799,cu81,15.919999999998254
ni82,28,54,78.1378201621684,cu82,14.129999999990105
ni83,28,55,219.97476069038012,cu83,17.820000000006985
ni84,28,56,329.1735828287892,cu84,16.320000000006985
ni85,28,57,509.4722507034303,cu85,19.34999999999127
ni86,28,58,1528.6867638014678,cu86,18.310000000012224
ni87,28,59,863.9209048560151,cu87,20.25999999999476
ni88,28,60,1885.810022286202,cu88,18.560000000012224
ni89,28,61,1878.920139357628,cu89,21.529999999998836
ni90,28,62,7583.078721074618,cu90,20.110000000000582
ni91,28,63,3358.6951948338306,cu91,22.430000000007567
ni92,28,64,19848.8038001128,cu92,21.089999999996508
ni93,28,65,9187.529797167008,cu93,23.89999999999418
ni94,28,66,76193.91879803826,cu94,22.360000000000582
ni95,28,67,13847.06434457684,cu95,24.470000000001164
ni96,28,68,120498.0046865216,cu96,22.770000000004075
ni97,28,69,23996.325002263107,cu97,25.210000000006403
ni98,28,70,464504.7218191603,cu98,23.919999999998254
ni99,28,71,52902.93357590121,cu99,26.230000000010477
cu64,29,35,1.0732879405694673e-06,zn64,0.5800000000017462
cu66,29,37,0.0006344371094391584,zn66,2.6409999999959837
cu67,29,38,2.3496579515809405e-08,zn67,0.5609999999942374
cu68,29,39,0.013099850424008411,zn68,4.439999999995052
cu69,29,40,3.442017067578268e-05,zn69,2.6820000000006985
cu70,29,41,0.16443987519134312,zn70,6.588999999999942
cu71,29,42,0.0015322963306524128,zn71,4.618000000002212
cu72,29,43,0.7953244749427971,zn72,8.362000000008265
cu73,29,44,0.025599984087600978,zn73,6.605999999999767
cu74,29,45,2.1929535997153855,zn74,9.751000000003842
cu75,29,46,0.13312945422240838,zn75,8.087999999988824
cu76,29,47,5.791639450974975,zn76,11.327000000004773
cu77,29,48,1.0769517457758186,zn77,10.49100000000908
cu78,29,49,13.639789125703349,zn78,12.985999999989872
cu79,29,50,1.672220452778463,zn79,11.104999999995925
cu80,29,51,34.602494788007355,zn80,15.200000000011642
cu81,29,52,9.022700536072373,zn81,14.059999999997672
cu82,29,53,67.05385673918254,zn82,17.16700000000128
cu83,29,54,19.39620728580072,zn83,15.970000000001164
cu84,29,55,112.50347369880781,zn84,19.069999999992433
cu85,29,56,31.42774285285584,zn85,17.60000000000582
cu86,29,57,163.36057771266547,zn86,20.75999999999476
cu87,29,58,46.59864499061743,zn87,19.55000000000291
cu88,29,59,199.6237370565757,zn88,21.839999999996508
cu89,29,60,47.3115495397295,zn89,19.64999999999418
cu90,29,61,224.74855792769475,zn90,22.55999999999767
cu91,29,62,55.99304730054428,zn91,21.09999999999127
cu92,29,63,254.0452286049786,zn92,23.389999999999418
cu93,29,64,60.024481567761654,zn93,22.30000000000291
cu94,29,65,320.5730259881143,zn94,25.34000000001106
cu95,29,66,59.83277627801288,zn95,24.00999999999476
cu96,29,67,345.9873247788098,zn96,26.160000000003492
cu97,29,68,58.33614622969016,zn97,24.55999999999767
cu98,29,69,372.6620797578556,zn98,27.120000000009895
cu99,29,70,51.5890549425475,zn99,26.029999999998836
cu100,29,71,411.8160215508134,zn100,28.95999999999185
cu101,29,72,43.59989049041857,zn101,27.30000000000291
cu102,29,73,416.04511595380467,zn102,29.229999999995925
zn69,30,39,8.392446099148076e-07,ga69,0.9100000000034925
zn71,30,41,0.0017250852830522439,ga71,2.8099999999976717
zn72,30,42,5.3159893023139593e-08,ga72,0.4429999999993015
zn73,30,43,0.022557422965939433,ga73,4.105999999999767
zn74,30,44,0.0025455895262929177,ga74,2.2930000000051223
zn75,30,45,0.22425550357036136,ga75,5.9060000000026776
zn76,30,46,0.08521857995011377,ga76,3.9940000000060536
zn77,30,47,0.7198616006139608,ga77,7.202999999994063
zn78,30,48,0.8990675282721009,ga78,6.223000000012689
zn79,30,49,2.699621002954977,ga79,9.115999999994528
zn80,30,50,2.2791902892583042,ga80,7.57499999999709
zn81,30,51,9.631028044502788,ga81,11.427999999999884
zn82,30,52,11.043590119703351,ga82,10.474000000001979
zn83,30,53,20.543811085415314,ga83,12.956999999994878
zn84,30,54,23.572306453306883,ga84,11.926000000006752
zn85,30,55,49.89937617438928,ga85,14.78399999999965
zn86,30,56,61.364224494361565,ga86,13.63300000000163
zn87,30,57,88.87826860634378,ga87,15.94999999999709
zn88,30,58,118.94593149483873,ga88,14.709999999991851
zn89,30,59,198.64168481746708,ga89,17.50999999999476
zn90,30,60,190.93860713217592,ga90,15.429999999993015
zn91,30,61,367.0049307191094,ga91,18.639999999999418
zn92,30,62,750.5101584723946,ga92,17.310000000012224
zn93,30,63,641.269839733877,ga93,19.619999999995343
zn94,30,64,1420.0754941940816,ga94,18.09999999999127
zn95,30,65,1246.1987885590522,ga95,20.730000000010477
zn96,30,66,4110.481343285182,ga96,19.319999999992433
zn97,30,67,2449.4832121341433,ga97,21.80000000000291
zn98,30,68,9873.529791646593,ga98,20.25
zn99,30,69,3685.027833289961,ga99,22.419999999998254
zn100,30,70,26502.20277074534,ga100,21.230000000010477
zn101,30,71,16081.83547604487,ga101,24.510000000009313
zn102,30,72,260162.41200585445,ga102,23.279999999998836
zn103,30,73,29006.964168077404,ga103,25.289999999993597
zn104,30,74,600691.0759679738,ga104,23.969999999986612
zn105,30,75,58447.85646108899,ga105,26.180000000007567
ga70,31,39,6.069784789847638e-05,ge70,1.6519999999945867
ga72,31,41,0.007052005860672538,ge72,3.9979999999923166
ga73,31,42,1.7846181484312317e-06,ge73,1.5980000000126893
ga74,31,43,0.044695096023739604,ge74,5.372000000003027
ga75,31,44,0.00016769900443385822,ge75,3.3910000000032596
ga76,31,45,0.23208665249594018,ge76,6.915999999997439
ga77,31,46,0.004061531764691881,ge77,5.222000000008848
ga78,31,47,0.6916514705877754,ge78,8.155999999988126
ga79,31,48,0.04125791502640161,ge79,6.979000000006636
ga80,31,49,3.2390852614012933,ge80,10.311000000001513
ga81,31,50,0.24058222029212925,ge81,8.664000000004307
ga82,31,51,10.954483717292613,ge82,12.48399999999674
ga83,31,52,2.5851151582505008,ge83,11.718999999997322
ga84,31,53,22.358244036280563,ge84,14.04200000000128
ga85,31,54,5.667540537579986,ge85,13.069000000003143
ga86,31,55,39.34941824291961,ge86,15.490999999994528
ga87,31,56,15.488799586380384,ge87,15.286999999996624
ga88,31,57,83.32919427898445,ge88,17.84800000001269
ga89,31,58,23.03394545612276,ge89,16.4320000000007
ga90,31,59,109.59901994357834,ge90,18.89000000001397
ga91,31,60,26.125540771290748,ge91,16.85000000000582
ga92,31,61,130.3274089957621,ge92,19.619999999995343
ga93,31,62,37.56968945715905,ge93,18.30000000000291
ga94,31,63,173.58306917280373,ge94,20.99000000000524
ga95,31,64,47.777102920387904,ge95,19.639999999999418
ga96,31,65,227.47743195600253,ge96,22.55000000000291
ga97,31,66,56.000326894381416,ge97,21.020000000004075
ga98,31,67,264.303888450312,ge98,23.589999999996508
ga99,31,68,60.01695991581373,ge99,22.20999999999185
ga100,31,69,300.3104222091084,ge100,24.629999999990105
ga101,31,70,60.64845001715687,ge101,23.379999999990105
ga102,31,71,349.56489747175766,ge102,26.179999999993015
ga103,31,72,56.71260406811351,ge103,24.89999999999418
ga104,31,73,373.0450403985603,ge104,27.030000000013388
ga105,31,74,52.48325002462622,ge105,25.769999999989523
ga106,31,75,393.5017259398627,ge106,27.889999999999418
ga107,31,76,52.70249701329637,ge107,25.729999999995925
ga108,31,77,386.7743276463849,ge108,27.589999999996508
ge75,32,43,4.600288192850806e-06,as75,1.1779999999998836
ge77,32,45,0.0013730831682840098,as77,2.701999999990221
ge78,32,46,6.6348636546298176e-06,as78,0.9550000000017462
ge79,32,47,0.023617869582118336,as79,4.10899999999674
ge80,32,48,0.0067190095481353546,as80,2.6370000000024447
ge81,32,49,0.3238027624833656,as81,6.2409999999945285
ge82,32,50,0.21721830873187933,as82,4.688000000009197
ge83,32,51,2.1472874985840167,as83,8.692999999999302
ge84,32,52,2.541468101989496,as84,7.706000000005588
ge85,32,53,4.850111828842797,as85,10.065999999991618
ge86,32,54,5.626158927726499,as86,9.118000000002212
ge87,32,55,9.751126331437193,as87,11.381000000008498
ge88,32,56,16.243533031759725,as88,11.14999999999418
ge89,32,57,27.201989540731915,as89,13.451000000000931
ge90,32,58,31.456058374706174,as90,12.380999999993946
ge91,32,59,49.34125624287578,as91,14.668999999994412
ge92,32,60,47.09080429265073,as92,13.096000000005006
ge93,32,61,71.94493807282794,as93,15.430000000007567
ge94,32,62,86.30032157111438,as94,14.110000000000582
ge95,32,63,158.96664977932312,as95,16.979999999995925
ge96,32,64,222.99069300936213,as96,15.559999999997672
ge97,32,65,311.64070967374045,as97,18.229999999995925
ge98,32,66,545.2625160786604,as98,16.789999999993597
ge99,32,67,581.4416318139105,as99,19.330000000001746
ge100,32,68,1399.7987535633447,as100,17.970000000001164
ge101,32,69,957.2779742344164,as101,20.169999999998254
ge102,32,70,3490.2619248385054,as102,19.020000000004075
ge103,32,71,2975.4998311504955,as103,21.960000000006403
ge104,32,72,18113.228893634438,as104,20.729999999995925
ge105,32,73,5475.472322941776,as105,22.860000000000582
ge106,32,74,41970.54878491041,as106,21.529999999998836
ge107,32,75,10591.450392558678,as107,23.79000000000815
ge108,32,76,153981.9931539421,as108,22.69000000000233
ge109,32,77,11988.967633480934,as109,23.960000000006403
ge110,32,78,291571.395265423,as110,23.230000000010477
ge111,32,79,25785.605455715846,as111,24.979999999995925
ge112,32,80,909041.0707201778,as112,24.14999999999418
as74,33,41,2.5131048504673402e-05,se74,1.353000000002794
as76,33,43,0.0012440919582325084,se76,2.9609999999956926
as77,33,44,4.664360142725282e-08,se77,0.6830000000045402
as78,33,45,0.009868419137373206,se78,4.209000000002561
as79,33,46,1.3257266285968743e-05,se79,2.2810000000026776
as80,33,47,0.058973077792200096,se80,5.587999999988824
as81,33,48,0.00042674414912189463,se81,3.855999999999767
as82,33,49,0.40318161292943894,se82,7.4909999999945285
as83,33,50,0.008007828990343515,se83,5.672000000005937
as84,33,51,2.8877011834447988,se84,10.093999999997322
as85,33,52,0.4115457094585734,se85,9.22500000000582
as86,33,53,6.844337795437091,se86,11.540999999997439
as87,33,54,1.4384914098342423,se87,10.80800000000454
as88,33,55,11.841135123703957,se88,12.596000000005006
as89,33,56,2.8821559773620464,se89,11.849000000001979
as90,33,57,27.300279903525816,se90,14.47599999999511
as91,33,58,7.173622527471554,se91,13.479000000006636
as92,33,59,43.607848526016,se92,15.722999999998137
as93,33,60,10.348832794488214,se93,14.255999999993946
as94,33,61,56.15215622767305,se94,16.472999999998137
as95,33,62,19.192681680095014,se95,15.819999999992433
as96,33,63,103.92242101822508,se96,18.610000000000582
as97,33,64,29.540278586215226,se97,17.229999999995925
as98,33,65,133.3522006425376,se98,19.65000000000873
as99,33,66,37.220337910998964,se99,18.19000000000233
as100,33,67,173.4565024460296,se100,20.910000000003492
as101,33,68,49.237171987134,se101,19.779999999998836
as102,33,69,210.5798426859204,se102,21.99000000000524
as103,33,70,54.996554263639325,se103,20.74000000000524
as104,33,71,265.564116505865,se104,23.539999999993597
as105,33,72,60.2383707905975,se105,22.25
as106,33,73,296.5481693340611,se106,24.430000000007567
as107,33,74,60.77189716688876,se107,23.110000000000582
as108,33,75,325.39780390398977,se108,25.30000000000291
as109,33,76,59.14633612295362,se109,24.110000000000582
as110,33,77,337.6619545191596,se110,25.69000000000233
as111,33,78,56.54310430246054,se111,24.85000000000582
as112,33,79,376.83354756457055,se112,27.080000000001746
as113,33,80,51.504414964229085,se113,25.84999999999127
as114,33,81,333.93938296195637,se114,25.569999999992433
as115,33,82,48.679106529319185,se115,26.320000000006985
se79,34,45,1.3227524947914088e-10,br79,0.15099999999802094
se81,34,47,3.5595453984270174e-05,br81,1.5869999999995343
se83,34,49,0.011491751892798099,br83,3.664999999993597
se84,34,50,0.0006201109851877258,br84,1.8410000000003492
se85,34,51,0.31059010645267815,br85,6.160999999992782
se86,34,52,0.36163683849414596,br86,5.129000000000815
se87,34,53,0.9463205856469682,br87,7.466000000000349
se88,34,54,1.4883313789482273,br88,6.831999999994878
se89,34,55,3.1914724221470046,br89,9.28200000000652
se90,34,56,3.2449613871334093,br90,8.073000000003958
se91,34,57,7.337812470412937,br91,10.769000000000233
se92,34,58,7.410920965466301,br92,9.58399999998801
se93,34,59,16.30200548053598,br93,12.33299999999872
se94,34,60,15.543636457899304,br94,11.001000000003842
se95,34,61,16.778181198782903,br95,12.39100000000326
se96,34,62,16.110559518349312,br96,11.069000000003143
se97,34,63,31.97976682594793,br97,13.702000000004773
se98,34,64,58.55475921120769,br98,13.389999999999418
se99,34,65,90.35534229132729,br99,15.790000000008149
se100,34,66,85.91317605958925,br100,14.020000000004075
se101,34,67,133.65442351849032,br101,16.55000000000291
se102,34,68,215.56780088873387,br102,15.419999999998254
se103,34,69,256.47078862550705,br103,17.769999999989523
se104,34,70,457.2653164091771,br104,16.460000000006403
se105,34,71,559.2578866811006,br105,19.15000000000873
se106,34,72,1504.4148684288577,br106,17.94999999999709
se107,34,73,998.0493442710163,br107,20.119999999995343
se108,34,74,2789.8158308104375,br108,18.660000000003492
se109,34,75,1542.7760750081904,br109,20.819999999992433
se110,34,76,2552.2423691046247,br110,18.55999999999767
se111,34,77,1135.5477760700842,br111,20.329999999987194
se112,34,78,16714.404374029258,br112,20.529999999998836
se113,34,79,5529.6358860527125,br113,22.74000000000524
se114,34,80,67100.48876176472,br114,21.830000000001746
se115,34,81,2856.849004956342,br115,21.770000000004075
se116,34,82,231005.3611338333,br116,22.89999999999418
se117,34,83,68033.70372417079,br117,26.05000000000291
br78,35,43,2.3244605905987743e-06,kr78,0.727999999988242
br80,35,45,0.00015946842026483534,kr80,2.004000000000815
br82,35,47,0.0016236180079585835,kr82,3.0929999999934807
br83,35,48,1.9228454949820102e-07,kr83,0.9840000000112923
br84,35,49,0.018706277017094278,kr84,4.649999999994179
br85,35,50,6.193036507844253e-05,kr85,2.904999999998836
br86,35,51,0.46751181409008,kr86,7.6340000000054715
br87,35,52,0.03614465239874313,kr87,6.8179999999993015
br88,35,53,1.365417671891668,kr88,8.97500000000582
br89,35,54,0.1731350230746086,kr89,8.261999999987893
br90,35,55,5.027605575095255,kr90,10.959000000002561
br91,35,56,0.7242482726640563,kr91,9.86699999999837
br92,35,57,11.743094474878074,kr92,12.536000000007334
br93,35,58,1.7955238940513645,kr93,11.086999999999534
br94,35,59,18.808599079397794,kr94,13.543999999994412
br95,35,60,3.7864409285286387,kr95,12.25800000000163
br96,35,61,27.571193443690255,kr96,14.451000000000931
br97,35,62,5.069545833459948,kr97,12.770999999993364
br98,35,63,33.71515408340598,kr98,14.96600000000035
br99,35,64,9.573096312994327,kr99,14.03499999998894
br100,35,65,63.78711776095788,kr100,16.8179999999993
br101,35,66,19.020622918081216,kr101,15.740000000005239
br102,35,67,95.20387378083164,kr102,18.20999999999185
br103,35,68,27.42090680687566,kr103,16.90000000000873
br104,35,69,132.96888501506714,kr104,19.569999999992433
br105,35,70,37.7214400863073,kr105,18.189999999987776
br106,35,71,174.5164978914094,kr106,20.869999999995343
br107,35,72,49.01721266485354,kr107,19.679999999993015
br108,35,73,203.73543332892834,kr108,21.720000000001164
br109,35,74,54.0977896351022,kr109,20.5
br110,35,75,238.13800986470338,kr110,22.69000000000233
br111,35,76,57.9038255219334,kr111,21.320000000006985
br112,35,77,198.4947445838658,kr112,21.569999999992433
br113,35,78,60.360061688196886,kr113,22.25
br114,35,79,293.58337667851384,kr114,24.260000000009313
br115,35,80,60.518249927057404,kr115,23.339999999996508
br116,35,81,265.2305287730779,kr116,23.44999999999709
br117,35,82,59.531078465416606,kr117,23.880000000004657
kr85,36,49,1.68873797017981e-07,rb85,0.6870000000053551
kr87,36,51,0.01768151280726207,rb87,3.8879999999917345
kr88,36,52,0.013938389861362137,rb88,2.9179999999905704
kr89,36,53,0.11140869602561439,rb89,5.176000000006752
kr90,36,54,0.16454602191878054,rb90,4.4060000000026776
kr91,36,55,0.5587035087510825,rb91,6.771999999997206
kr92,36,56,0.8230782778969326,rb92,6.004000000000815
kr93,36,57,1.998838685477996,rb93,8.48399999999674
kr94,36,58,1.9713119881857852,rb94,7.214000000007218
kr95,36,59,4.289677627172147,rb95,9.735000000000582
kr96,36,60,3.7376839496519265,rb96,8.27400000000489
kr97,36,61,8.99012321075509,rb97,11.095000000001164
kr98,36,62,6.333420206249163,rb98,9.235000000000582
kr99,36,63,12.425945459011155,rb99,11.72500000000582
kr100,36,64,12.314427932608158,rb100,10.497999999992317
kr101,36,65,22.096736642051415,rb101,12.876999999993131
kr102,36,66,19.67049183535883,rb102,11.38200000001234
kr103,36,67,45.74783635800431,rb103,14.349999999991269
kr104,36,68,43.23684180235751,rb104,12.80000000000291
kr105,36,69,86.18317806602138,rb105,15.610000000000582
kr106,36,70,111.33402605661854,rb106,14.35000000000582
kr107,36,71,160.9352478422878,rb107,16.810000000012224
kr108,36,72,360.2577033535131,rb108,16.04999999998836
kr109,36,73,325.44794853903187,rb109,18.10000000000582
kr110,36,74,1238.5189074451948,rb110,17.619999999995343
kr111,36,75,567.8963503710715,rb111,19.069999999992433
kr112,36,76,1207.8735278369284,rb112,17.59000000001106
kr113,36,77,627.7673299758336,rb113,19.24000000000524
kr114,36,78,2200.925565200672,rb114,18.289999999993597
kr115,36,79,1272.669395834863,rb115,20.39999999999418
kr116,36,80,4548.809973549076,rb116,19.09000000001106
kr117,36,81,905.7241864599695,rb117,19.85000000000582
rb84,37,47,4.861300757886146e-06,sr84,0.893000000010943
rb86,37,49,8.972675546570337e-05,sr86,1.775999999998021
rb87,37,50,3.73758646347488e-09,sr87,0.28200000000651926
rb88,37,51,0.04443175912866346,sr88,5.312000000005355
rb89,37,52,0.001395526064752793,sr89,4.497000000003027
rb90,37,53,0.17961971835150084,sr90,6.583999999988009
rb91,37,54,0.011667211848525748,sr91,5.907000000006519
rb92,37,55,0.7040504985731886,sr92,8.093999999997322
rb93,37,56,0.07777545347264109,sr93,7.466000000000349
rb94,37,57,3.398618931702559,sr94,10.280999999988126
rb95,37,58,0.43613950304498894,sr95,9.229999999995925
rb96,37,59,7.290385188057615,sr96,11.578999999997905
rb97,37,60,0.8755920388910747,sr97,10.0740000000078
rb98,37,61,11.232640359753628,sr98,12.406000000002678
rb99,37,62,2.1401027737795606,sr99,11.309999999997672
rb100,37,63,15.957378594213782,sr100,13.137000000002445
rb101,37,64,3.257704821014227,sr101,11.968000000008033
rb102,37,65,31.795603513879634,sr102,14.764999999999418
rb103,37,66,4.290684304563254,sr103,12.43300000000454
rb104,37,67,32.77969995196616,sr104,14.843999999997322
rb105,37,68,5.658631712648593,sr105,12.932000000000698
rb106,37,69,68.59964840117374,sr106,17.0
rb107,37,70,20.24602450782718,sr107,15.869999999995343
rb108,37,71,95.17794875205693,sr108,18.15000000000873
rb109,37,72,29.6559839406951,sr109,17.130000000004657
rb110,37,73,128.8732762588055,sr110,19.369999999995343
rb111,37,74,44.17746595221815,sr111,18.95000000001164
rb112,37,75,172.41761945759833,sr112,20.739999999990687
rb113,37,76,42.94867751360358,sr113,18.789999999993597
rb114,37,77,182.2398572892265,sr114,21.029999999998836
rb115,37,78,51.224715778395264,sr115,19.94999999999709
rb116,37,79,215.05413502097568,sr116,21.970000000001164
rb117,37,80,55.03757205973571,sr117,20.610000000000582
sr89,38,51,2.6185114627170593e-05,y89,1.5010000000038417
sr90,38,52,2.0754763325547265e-07,y90,0.5460000000020955
sr91,38,53,0.0015337661078663068,y91,2.6999999999970896
sr92,38,54,0.0009941669294258513,y92,1.9510000000009313
sr93,38,55,0.0278159536140839,y93,4.143000000010943
sr94,38,56,0.04542235623368779,y94,3.5100000000093132
sr95,38,57,0.30887104017500056,y95,6.089000000007218
sr96,38,58,0.5039924442701397,y96,5.411999999996624
sr97,38,59,1.0622159674935212,y97,7.538000000000466
sr98,38,60,0.754248859382561,y98,5.86699999999837
sr99,38,61,1.622341753026093,y99,8.129000000000815
sr100,38,62,2.427485611861776,y100,7.504000000000815
sr101,38,63,3.866753634424692,y101,9.505000000004657
sr102,38,64,5.179469184463916,y102,8.815000000002328
sr103,38,65,8.580823842311114,y103,10.948000000003958
sr104,38,66,12.745135835025458,y104,10.50800000000163
sr105,38,67,21.678947001907638,y105,12.771000000007916
sr106,38,68,9.906427721282848,y106,10.029999999998836
sr107,38,69,13.717658245467934,y107,11.857999999992899
sr108,38,70,16.060283980416138,y108,10.944000000003143
sr109,38,71,51.460823518228885,y109,14.509999999994761
sr110,38,72,72.2038799691513,y110,13.589999999996508
sr111,38,73,100.17663991211397,y111,15.819999999992433
sr112,38,74,147.41315744831547,y112,14.69999999999709
sr113,38,75,124.04123125233728,y113,16.229999999995925
sr114,38,76,130.75303814216528,y114,14.520000000004075
sr115,38,77,165.1440783877003,y115,16.770000000004075
sr116,38,78,356.07807537397724,y116,15.94999999999709
sr117,38,79,330.0797779403417,y117,18.029999999998836
y90,39,51,0.0003174082634095609,zr90,2.279000000009546
y91,39,52,1.6019040821128403e-06,zr91,1.543999999994412
y92,39,53,0.004371062502942055,zr92,3.642999999996391
y93,39,54,6.31121636864338e-05,zr93,2.8949999999895226
y94,39,55,0.02778674453728946,zr94,4.919999999998254
y95,39,56,0.0013195038193479643,zr95,4.44999999999709
y96,39,57,0.3024302538429925,zr96,7.103000000002794
y97,39,58,0.038232292695020195,zr97,6.822000000000116
y98,39,59,1.4414820226238059,zr98,8.99199999999837
y99,39,60,0.045421081874310695,zr99,6.967999999993481
y100,39,61,1.5006460423823864,zr100,9.047000000005937
y101,39,62,0.1555893762924215,zr101,8.102999999988242
y102,39,63,2.3774279789579382,zr102,9.702999999994063
y103,39,64,0.4849443465380395,zr103,9.323999999993248
y104,39,65,4.829463674075092,zr104,10.822000000000116
y105,39,66,0.9305271099829348,zr105,10.120999999999185
y106,39,67,14.75519768953666,zr106,12.928999999989173
y107,39,68,4.487163225704797,zr107,12.47300000001269
y108,39,69,28.668187444417445,zr108,14.456999999994878
y109,39,70,4.436278452805814,zr109,12.452999999994063
y110,39,71,35.01284141467737,zr110,14.971000000005006
y111,39,72,13.076114076723112,zr111,14.660000000003492
y112,39,73,79.36924129493383,zr112,17.44000000000233
y113,39,74,17.38197742514862,zr113,15.389999999999418
y114,39,75,92.54678586524628,zr114,17.989999999990687
y115,39,76,25.698067806556093,zr115,16.570000000006985
y116,39,77,108.80921746528807,zr116,18.610000000000582
y117,39,78,34.59353978864353,zr117,17.689999999987776
zr93,40,53,2.645489714270516e-11,nb93,0.09000000001105946
zr95,40,55,3.874636964306693e-06,nb95,1.1229999999923166
zr96,40,56,4.1029530023779186e-10,nb96,0.15999999998894054
zr97,40,57,0.0014243668869962406,nb97,2.657999999995809
zr98,40,58,0.002601544701688514,nb98,2.2369999999937136
zr99,40,59,0.0650692353590902,nb99,4.703000000008615
zr100,40,60,0.04021702795721673,nb100,3.422999999995227
zr101,40,61,0.21724109577139153,nb101,5.713000000003376
zr102,40,62,0.25306698592757026,nb102,4.7189999999973224
zr103,40,63,0.8411555232996286,nb103,7.198000000003958
zr104,40,64,0.9308972137845142,nb104,6.095000000001164
zr105,40,65,2.0504991780517265,nb105,8.436000000001513
zr106,40,66,1.2663249171107898,nb106,6.49900000001071
zr107,40,67,2.176407901153396,nb107,8.52699999998731
zr108,40,68,2.2746588588228165,nb108,7.362999999997555
zr109,40,69,8.22724289501003,nb109,10.813999999998487
zr110,40,70,8.613052004627406,nb110,9.71600000000035
zr111,40,71,13.496874259990102,nb111,11.76699999999255
zr112,40,72,16.43112853028528,nb112,10.932000000000698
zr113,40,73,42.29852674154589,nb113,14.047000000005937
zr114,40,74,21.626896305185056,nb114,11.440000000002328
zr115,40,75,36.101372427736266,nb115,13.729999999995925
zr116,40,76,39.873872684524414,nb116,12.529999999998836
zr117,40,77,55.85173869598,nb117,14.60000000000582
nb92,41,51,2.8616777443759167e-07,mo92,0.35399999999208376
nb94,41,53,0.00018443996764367195,mo94,2.044000000008964
nb95,41,54,1.554310116372502e-07,mo95,0.9260000000067521
nb96,41,55,0.0020321158878428675,mo96,3.187000000005355
nb97,41,56,5.4811726538195475e-06,mo97,1.9349999999976717
nb98,41,57,0.018099373081198047,mo98,4.582999999998719
nb99,41,58,0.0003091912735981548,mo99,3.639999999999418
nb100,41,59,0.15208402730277612,mo100,6.380999999993946
nb101,41,60,0.0018187055866094282,mo101,4.629000000000815
nb102,41,61,0.35602247446437024,mo102,7.2590000000054715
nb103,41,62,0.012920506461577684,mo103,5.947000000000116
nb104,41,63,1.0371109281877149,mo104,8.529999999998836
nb105,41,64,0.07912884077108084,mo105,7.436999999990803
nb106,41,65,2.848564775370537,mo106,9.945999999996275
nb107,41,66,0.32408564847770216,mo107,8.843000000008033
nb108,41,67,6.137584679465903,mo108,11.202000000004773
nb109,41,68,0.25352888067057955,mo109,8.579000000012456
nb110,41,69,5.263531206091072,mo110,10.936000000001513
nb111,41,70,1.240871669982782,mo111,10.470000000001164
nb112,41,71,15.755698611798314,mo112,13.031000000002678
nb113,41,72,3.348089668487884,mo113,11.94100000000617
nb114,41,73,42.259835598986925,mo114,15.437000000005355
nb115,41,74,10.389029088372654,mo115,14.084999999991851
nb116,41,75,43.22285351071269,mo116,15.5
nb117,41,76,11.377297729973984,mo117,14.289999999993597
mo99,42,57,1.41088389691036e-05,tc99,1.3570000000036089
mo101,42,59,0.0022384427572367683,tc101,2.8240000000078
mo102,42,60,1.0510129173548508e-05,tc102,0.9959999999991851
mo103,42,61,0.012369563731992028,tc103,3.6300000000046566
mo104,42,62,0.002056169577353683,tc104,2.150000000008731
mo105,42,63,0.09225795125067578,tc105,4.947000000000116
mo106,42,64,0.05890244558760597,tc106,3.6300000000046566
mo107,42,65,0.35903828804402327,tc107,6.184999999997672
mo108,42,66,0.4122405681299294,tc108,5.152999999991152
mo109,42,67,1.1779789492176864,tc109,7.602999999988242
mo110,42,68,1.2755383374444986,tc110,6.478000000002794
mo111,42,69,1.485490830145906,tc111,7.923999999999069
mo112,42,70,1.2221473563418672,tc112,6.419999999998254
mo113,42,71,2.5625186716324855,tc113,8.739999999990687
mo114,42,72,4.358512641013439,tc114,8.419999999998254
mo115,42,73,8.415254969165762,tc115,10.805000000007567
mo116,42,74,11.42723149732169,tc116,10.201000000000931
mo117,42,75,19.37984850933038,tc117,12.42400000001362
